Actual,Predicted
3,3.7503955
3,3.4311197
3,3.1091938
3,2.9448898
3,2.9671192
