{
    "Neural Network Loss": 0.396514356136322,
    "Training History": {
        "loss": [
            1.1342568397521973,
            0.8301891684532166,
            0.65485680103302,
            0.543692946434021,
            0.4524748921394348,
            0.40453407168388367,
            0.3707566559314728,
            0.35329562425613403,
            0.3382674753665924,
            0.3278789818286896,
            0.3202109634876251,
            0.31137847900390625,
            0.3050042986869812,
            0.30028432607650757,
            0.29054635763168335,
            0.28583386540412903,
            0.27818623185157776,
            0.27436205744743347,
            0.2657918632030487,
            0.2634514570236206,
            0.258861780166626,
            0.2561282813549042,
            0.2512482702732086,
            0.2503979206085205,
            0.24568034708499908,
            0.2417975217103958,
            0.2402397096157074,
            0.23694364726543427,
            0.23398162424564362,
            0.22988402843475342,
            0.22741970419883728,
            0.2287241518497467,
            0.22086048126220703,
            0.21650557219982147,
            0.21655260026454926,
            0.21260172128677368,
            0.21190334856510162,
            0.21707110106945038,
            0.2121044099330902,
            0.20360185205936432,
            0.20008648931980133,
            0.2053750455379486,
            0.1969476044178009,
            0.1956174671649933,
            0.19179467856884003,
            0.19013290107250214,
            0.1886790245771408,
            0.1853121817111969,
            0.18268807232379913,
            0.1811874359846115,
            0.18077892065048218,
            0.1749664843082428,
            0.1763036996126175,
            0.17319023609161377,
            0.174634650349617,
            0.17632748186588287,
            0.1785164773464203,
            0.1760408729314804,
            0.1644037514925003,
            0.17222310602664948,
            0.16580495238304138,
            0.16631001234054565,
            0.16338495910167694,
            0.15657860040664673,
            0.15328620374202728,
            0.1532103419303894,
            0.14916589856147766,
            0.14992447197437286,
            0.15161311626434326,
            0.14906756579875946,
            0.1477116197347641,
            0.14524471759796143,
            0.14344173669815063,
            0.14280492067337036,
            0.14284195005893707,
            0.1461174190044403,
            0.14394254982471466,
            0.13730601966381073,
            0.13453061878681183,
            0.1339888870716095,
            0.13365072011947632,
            0.13226360082626343,
            0.12652570009231567,
            0.13334538042545319,
            0.1408650279045105,
            0.1444268524646759,
            0.12391093373298645,
            0.13229700922966003,
            0.12914995849132538,
            0.12187805771827698,
            0.1361587643623352,
            0.12778763473033905,
            0.12244132161140442,
            0.12068447470664978,
            0.11847566068172455,
            0.1263280063867569,
            0.12282821536064148,
            0.11501673609018326,
            0.1092769205570221,
            0.10821458697319031
        ],
        "val_loss": [
            0.36074817180633545,
            0.3407840430736542,
            0.29334041476249695,
            0.29718008637428284,
            0.3044307827949524,
            0.31829413771629333,
            0.3109864294528961,
            0.32259875535964966,
            0.3140257000923157,
            0.31136927008628845,
            0.3108985424041748,
            0.302744060754776,
            0.3038986921310425,
            0.3038814961910248,
            0.30082738399505615,
            0.29967451095581055,
            0.29567375779151917,
            0.29158660769462585,
            0.2958661913871765,
            0.28497132658958435,
            0.290874183177948,
            0.2955765724182129,
            0.2980993092060089,
            0.2963736057281494,
            0.2834317684173584,
            0.2986888587474823,
            0.3033533990383148,
            0.30090102553367615,
            0.29525381326675415,
            0.29826119542121887,
            0.30544474720954895,
            0.29028740525245667,
            0.3029134273529053,
            0.3142947554588318,
            0.30848899483680725,
            0.2994789779186249,
            0.3034607768058777,
            0.3222525119781494,
            0.3045482337474823,
            0.31543371081352234,
            0.30819201469421387,
            0.31576773524284363,
            0.3077702820301056,
            0.3134228587150574,
            0.322172075510025,
            0.3224695920944214,
            0.3276805579662323,
            0.3178924024105072,
            0.3263779580593109,
            0.33701395988464355,
            0.33005353808403015,
            0.33300700783729553,
            0.3349490165710449,
            0.33031171560287476,
            0.34554749727249146,
            0.3300776481628418,
            0.35346025228500366,
            0.33548736572265625,
            0.35195550322532654,
            0.34121933579444885,
            0.3512830138206482,
            0.3495365083217621,
            0.3579463064670563,
            0.3511272966861725,
            0.34815314412117004,
            0.3557220697402954,
            0.3597732186317444,
            0.36553001403808594,
            0.3617098927497864,
            0.3799346685409546,
            0.36495205760002136,
            0.3661234378814697,
            0.37294530868530273,
            0.35791584849357605,
            0.38105419278144836,
            0.373158723115921,
            0.37222665548324585,
            0.3806002736091614,
            0.36553239822387695,
            0.37854310870170593,
            0.38303664326667786,
            0.379529744386673,
            0.38252049684524536,
            0.41061535477638245,
            0.4012775421142578,
            0.38334840536117554,
            0.3907069265842438,
            0.38786986470222473,
            0.3881004750728607,
            0.4003041386604309,
            0.3809838593006134,
            0.38898763060569763,
            0.3935970366001129,
            0.39201414585113525,
            0.3892629146575928,
            0.3940507173538208,
            0.4049895107746124,
            0.39684563875198364,
            0.3943609297275543,
            0.39651432633399963
        ]
    },
    "Actual vs Predicted": [
        {
            "Actual": 3,
            "Predicted": 3.7503955364227295
        },
        {
            "Actual": 3,
            "Predicted": 3.431119680404663
        },
        {
            "Actual": 3,
            "Predicted": 3.109193801879883
        },
        {
            "Actual": 3,
            "Predicted": 2.944889783859253
        },
        {
            "Actual": 3,
            "Predicted": 2.9671192169189453
        }
    ]
}